{"sizes": [2, 2], "weights": [[[1.6790730639067877, 0.05362966623681239], [0.1498645816026567, -0.11562922441180958]]], "biases": [[[1.5475065303203468], [1.1268678184471521]]]}